f1,f2,f3,f4,f5,f6,f7,f8,f9,f10,f11,f12,f13,f14,f15,f16,f17,f18,f19,f20,f21,f22,f23,f24,f25,f26,f27,f28,f29,f30,f31,f32,f33,f34,f35,f36,f37,f38,f39,f40,f41,f42,f43,f44,f45,f46,f47,f48,f49,f50,f51,f52,f53,f54,f55,f56,f57,f58,f59,f60,f61,f62,f63,f64,f65,f66,f67,f68,f69,f70,f71,f72,f73,f74,f75,f76,f77,f78,f79,f80,f81,f82,f83,f84,f85,f86,f87,f88,f89,f90,f91,f92,f93,f94,f95,f96,CLASS
0.5555555555555556,0.4444444444444444,26.62824743171621,24.73898548345831,1.0,0.0,51.06918605097289,0,0.8888888888888888,0.1111111111111111,39.086558111243875,2.9651230271927562,0.8888888888888888,0.1111111111111111,34.23619885325069,1.2893273186337046,1.0,0.0,56.93075213367005,0,1.0,0.0,48.32950218215691,0,0.8888888888888888,0.1111111111111111,46.32278725273015,5.539637819520191,0.7777777777777778,0.2222222222222222,29.133367288969367,9.12147850054949,0.7777777777777778,0.2222222222222222,42.323738990729524,15.070580252597473,0.8888888888888888,0.1111111111111111,45.24901648911157,6.356864014060751,0.8888888888888888,0.1111111111111111,48.69619717840071,8.71618746154588,0.7777777777777778,0.2222222222222222,40.405540057286515,12.499009018951124,0.6666666666666666,0.3333333333333333,51.17904238694456,15.772116503706027,0.3333333333333333,0.6666666666666666,18.21840276915354,28.081571269642808,0.7777777777777778,0.2222222222222222,35.25706689773428,3.608427139652405,0.7777777777777778,0.2222222222222222,38.64716266037778,3.446622166454962,0.7777777777777778,0.2222222222222222,31.836738322457865,4.363960493741569,0.7777777777777778,0.2222222222222222,32.62902574932312,6.734553912385341,0.6666666666666666,0.3333333333333333,21.429395131049006,13.216311603674296,0.5555555555555556,0.4444444444444444,11.558052092440168,17.171677512361192,0.2222222222222222,0.7777777777777778,12.791208248891099,28.29033823187743,0.3333333333333333,0.6666666666666666,16.94419400074834,12.849584159975691,0.4444444444444444,0.5555555555555556,13.880627188862702,18.09724812089678,0.5555555555555556,0.4444444444444444,28.05477832607989,19.386921671551868,0
0.4444444444444444,0.5555555555555556,17.718451528569247,16.20642882208216,0.8888888888888888,0.1111111111111111,21.380306941368737,2.8206862395519043,0.7777777777777778,0.2222222222222222,25.120612360631057,5.379848328336916,0.7777777777777778,0.2222222222222222,27.8368009651832,2.696360406034244,0.8888888888888888,0.1111111111111111,29.6907818529336,1.2753692436447694,0.8888888888888888,0.1111111111111111,34.26289022613582,2.2460758752170964,0.8888888888888888,0.1111111111111111,31.273160367473306,11.743754437759488,0.8888888888888888,0.1111111111111111,23.545300858573576,8.49060847537258,0.7777777777777778,0.2222222222222222,20.648592364931094,4.746907872459978,0.5555555555555556,0.4444444444444444,11.949302104399415,21.592952965835895,0.3333333333333333,0.6666666666666666,7.732164810952326,17.37841636643636,0.6666666666666666,0.3333333333333333,17.239693331915603,9.239228754798884,0.7777777777777778,0.2222222222222222,46.47852323315288,4.7710767621603285,0.5555555555555556,0.4444444444444444,59.3773047863277,25.141939641193368,0.7777777777777778,0.2222222222222222,44.780056063498606,11.048397355822331,0.6666666666666666,0.3333333333333333,44.43075670289952,12.852184563118282,0.6666666666666666,0.3333333333333333,84.2530281270603,19.46157577781233,0.7777777777777778,0.2222222222222222,19.101624444501823,14.240947222734658,0.7777777777777778,0.2222222222222222,30.874006547544695,2.9458666310899124,0.8888888888888888,0.1111111111111111,30.790781308259312,4.431976390121109,0.6666666666666666,0.3333333333333333,25.274757896627612,10.929904788886063,0.8888888888888888,0.1111111111111111,31.608307919782238,1.8103361319325544,1.0,0.0,35.670731855220325,0,0.8888888888888888,0.1111111111111111,31.39743884133583,6.618322512931149,0
0.5555555555555556,0.4444444444444444,22.2473835869625,27.07137750198274,0.7777777777777778,0.2222222222222222,33.968294195647374,7.861891818726884,0.7777777777777778,0.2222222222222222,35.001854001793774,8.304813381784474,0.8888888888888888,0.1111111111111111,36.968585467906614,3.0252842989035815,0.6666666666666666,0.3333333333333333,43.78771190799698,12.901391106485766,0.7777777777777778,0.2222222222222222,45.772137256518796,7.993161400957558,1.0,0.0,51.790667113667844,0,0.8888888888888888,0.1111111111111111,51.031236318271844,2.883671685218291,0.8888888888888888,0.1111111111111111,48.97347588528707,0.7389672610847667,1.0,0.0,41.38490498065003,0,0.8888888888888888,0.1111111111111111,30.42064490766964,4.174914808988095,0.5555555555555556,0.4444444444444444,34.02612262433403,56.336628046171896,0.6666666666666666,0.3333333333333333,22.172708793546068,7.647272495401147,0.6666666666666666,0.3333333333333333,25.60697058579057,7.382141080683008,0.6666666666666666,0.3333333333333333,25.070068577487692,6.411667091448816,0.8888888888888888,0.1111111111111111,28.523494206250245,2.209228192505491,1.0,0.0,41.06383628341641,0,0.8888888888888888,0.1111111111111111,50.974719180016606,2.9019767569803285,0.5555555555555556,0.4444444444444444,33.90206268131173,8.366194798542576,0.5555555555555556,0.4444444444444444,24.436439506666034,16.199628291757108,0.5555555555555556,0.4444444444444444,23.68745539012708,17.190507767720614,0.5555555555555556,0.4444444444444444,26.632367050373702,23.689158165459204,0.5555555555555556,0.4444444444444444,20.43846550801107,18.923058179377193,0.7777777777777778,0.2222222222222222,49.3314007718236,10.744225472424198,0
0.6666666666666666,0.3333333333333333,17.881133540283738,6.45395278715362,1.0,0.0,23.258585426494967,0,1.0,0.0,31.192534346365864,0,1.0,0.0,37.53325926331748,0,1.0,0.0,32.19473368669309,0,1.0,0.0,28.748492115598438,0,1.0,0.0,26.588909604906416,0,1.0,0.0,29.54573438751272,0,0.8888888888888888,0.1111111111111111,32.188868700625164,0.24556470049477194,0.7777777777777778,0.2222222222222222,26.430313560584967,1.0495444904279512,1.0,0.0,35.70553637584227,0,0.5555555555555556,0.4444444444444444,43.640626281061515,21.59988292295149,0.5555555555555556,0.4444444444444444,23.5963742662485,19.579051672219478,0.5555555555555556,0.4444444444444444,27.838088937317504,26.527892955104832,0.6666666666666666,0.3333333333333333,32.41595810148375,24.942811830212232,1.0,0.0,32.35466559372179,0,0.3333333333333333,0.6666666666666666,17.54088646154412,32.097629389803814,0.5555555555555556,0.4444444444444444,10.77482208906805,6.346733144511869,0.3333333333333333,0.6666666666666666,20.45204207276428,63.44695598849131,0.3333333333333333,0.6666666666666666,31.88469660069924,57.24976858271537,0.4444444444444444,0.5555555555555556,55.767356125625746,28.522792051663572,0.3333333333333333,0.6666666666666666,23.60110468030346,20.96189987786446,0.4444444444444444,0.5555555555555556,28.66389595418978,28.065182418153565,0.4444444444444444,0.5555555555555556,11.610870345083372,28.172161670201056,0
0.3333333333333333,0.6666666666666666,1.3518775319591163,7.910548516479101,0.3333333333333333,0.6666666666666666,6.048930505001458,22.497587929288535,0.5555555555555556,0.4444444444444444,6.150285641834244,10.727389720248722,0.2222222222222222,0.7777777777777778,2.4952932974531206,11.009139493556356,0.2222222222222222,0.7777777777777778,6.355969448288724,14.944101906693337,0.3333333333333333,0.6666666666666666,4.385675785305712,12.179199840296853,0.3333333333333333,0.6666666666666666,5.108447818204244,12.868485876928853,0.5555555555555556,0.4444444444444444,16.381850338619728,3.675149757862945,0.1111111111111111,0.8888888888888888,0.8308536854174068,11.807258905975607,0.8888888888888888,0.1111111111111111,11.004745871799209,3.631314088666677,0.8888888888888888,0.1111111111111111,10.473774016683496,2.5350385762750767,0.5555555555555556,0.4444444444444444,10.618321832074122,9.355600839995507,0.2222222222222222,0.7777777777777778,2.3642600496828625,15.203593288165013,0.7777777777777778,0.2222222222222222,20.989476337654303,3.7407784262409227,0.8888888888888888,0.1111111111111111,32.35984212240443,4.193828410787687,0.4444444444444444,0.5555555555555556,11.590275540449605,8.760856924010518,0.8888888888888888,0.1111111111111111,16.02460394246023,0.8506682481133003,0.4444444444444444,0.5555555555555556,12.597091308310278,13.822451440279984,0.5555555555555556,0.4444444444444444,10.283581870856642,14.032836639350407,1.0,0.0,11.91044489469568,0,0.8888888888888888,0.1111111111111111,16.29525358569862,1.9609557886004467,0.2222222222222222,0.7777777777777778,1.946502915050274,11.01135557824543,0.3333333333333333,0.6666666666666666,3.4299790689460776,9.761754882082862,0.4444444444444444,0.5555555555555556,10.161858050643268,11.10892386048809,0
0.6666666666666666,0.3333333333333333,28.203785615788583,17.935359364769837,0.6666666666666666,0.3333333333333333,22.755228910405826,17.625960187371994,0.7777777777777778,0.2222222222222222,26.868588797783143,18.596972231474627,0.7777777777777778,0.2222222222222222,32.97239625833775,15.105318147940801,0.7777777777777778,0.2222222222222222,19.856700479721585,13.800173021807835,0.8888888888888888,0.1111111111111111,30.108206164445928,1.3726542027458464,0.7777777777777778,0.2222222222222222,28.481043972329402,4.075694578381097,0.8888888888888888,0.1111111111111111,20.49708643280164,7.70476497137107,0.7777777777777778,0.2222222222222222,25.78916723502698,10.387231476731758,0.6666666666666666,0.3333333333333333,25.67916548866078,8.783812417171184,0.7777777777777778,0.2222222222222222,44.08234428914062,14.955057258138519,0.7777777777777778,0.2222222222222222,42.20007672637937,6.769698923030706,0.5555555555555556,0.4444444444444444,35.70647137806041,38.659597675359414,0.7777777777777778,0.2222222222222222,37.9779362392513,5.975851694350104,0.6666666666666666,0.3333333333333333,33.611127137269925,15.918714912784754,0.5555555555555556,0.4444444444444444,27.941368967177922,13.975792638800717,0.6666666666666666,0.3333333333333333,26.01140493075723,10.474477824203625,0.7777777777777778,0.2222222222222222,27.343937355448386,7.992725868471013,0.6666666666666666,0.3333333333333333,23.774203869239717,11.939456022933276,0.4444444444444444,0.5555555555555556,26.15370727754291,18.55584267943511,0.3333333333333333,0.6666666666666666,14.224014895407809,16.15447819357893,0.3333333333333333,0.6666666666666666,15.309328997162549,21.55358605957504,0.1111111111111111,0.8888888888888888,1.7657699120609933,37.132691694664054,0.2222222222222222,0.7777777777777778,8.173248389749471,30.431806623957257,0
0.5555555555555556,0.4444444444444444,14.806767615860553,26.000373780237474,0.8888888888888888,0.1111111111111111,32.469045744123136,4.627541939561717,0.8888888888888888,0.1111111111111111,32.37877213047209,2.2095701563779104,0.5555555555555556,0.4444444444444444,24.707661055985792,26.3722590036206,0.6666666666666666,0.3333333333333333,32.72232353077425,10.348362354488682,0.7777777777777778,0.2222222222222222,32.99415906966055,3.9384993990582493,0.8888888888888888,0.1111111111111111,46.536622087492205,4.215567450804443,0.7777777777777778,0.2222222222222222,54.07340496001462,11.024194670008512,0.5555555555555556,0.4444444444444444,45.91964292465511,29.19886462790714,0.5555555555555556,0.4444444444444444,27.499808682220603,29.307473265680862,0.2222222222222222,0.7777777777777778,10.625890522206328,73.5471694755227,0.2222222222222222,0.7777777777777778,14.018063729905736,52.60434350567025,0.7777777777777778,0.2222222222222222,46.84075752242349,10.40231107947768,0.6666666666666666,0.3333333333333333,45.2829126280532,16.749031271922558,0.6666666666666666,0.3333333333333333,80.3926216621566,27.991800973915772,0.7777777777777778,0.2222222222222222,97.11297087015487,18.342180761308022,0.7777777777777778,0.2222222222222222,83.27544241698529,11.704832153691592,0.5555555555555556,0.4444444444444444,58.730220485533465,25.97433249229026,0.6666666666666666,0.3333333333333333,51.95254983851341,10.229558527894524,0.7777777777777778,0.2222222222222222,74.02594843383442,16.0801347895757,0.7777777777777778,0.2222222222222222,54.70269644938206,14.92779015872646,0.6666666666666666,0.3333333333333333,57.390221982031136,32.45413090209373,0.8888888888888888,0.1111111111111111,40.06978328289427,1.6927837976431,0.6666666666666666,0.3333333333333333,45.97128473057032,26.22049571565189,0
0.6666666666666666,0.3333333333333333,14.605473502066312,3.0375227194549046,0.4444444444444444,0.5555555555555556,15.375699321484017,13.766729628820883,0.5555555555555556,0.4444444444444444,17.619085431913913,6.768051695544075,0.4444444444444444,0.5555555555555556,3.1332178088585163,4.486674124588848,0.4444444444444444,0.5555555555555556,5.548055739992977,8.746114176153753,0.3333333333333333,0.6666666666666666,12.982505416205605,33.364224615385325,0.3333333333333333,0.6666666666666666,15.171134966830559,13.971372769933996,0.5555555555555556,0.4444444444444444,17.467881447311065,9.431269123696909,0.5555555555555556,0.4444444444444444,10.718961108141333,7.155852089255774,0.3333333333333333,0.6666666666666666,5.471240979975028,21.690500221056727,0.7777777777777778,0.2222222222222222,17.786597402218035,7.237011622588762,0.7777777777777778,0.2222222222222222,24.526140422666955,3.283245841457675,0.4444444444444444,0.5555555555555556,4.8238343432321376,7.913254516286404,0.8888888888888888,0.1111111111111111,20.964419568378567,3.8254402826244096,0.8888888888888888,0.1111111111111111,23.26583839302819,1.2149801729332979,0.5555555555555556,0.4444444444444444,22.146028633469026,20.652830282784723,0.7777777777777778,0.2222222222222222,10.918806925322887,5.589251189079927,1.0,0.0,18.032001839908702,0,0.8888888888888888,0.1111111111111111,26.090570702907034,0.3697319492629063,1.0,0.0,24.86158432983331,0,0.7777777777777778,0.2222222222222222,17.995395907279395,1.886691775387066,0.4444444444444444,0.5555555555555556,10.733615861803862,36.95658769149742,0.5555555555555556,0.4444444444444444,22.93098917609216,16.610260279275742,0.4444444444444444,0.5555555555555556,6.28621216321325,23.328766118989645,1
0.8888888888888888,0.1111111111111111,35.401021103382256,2.6127351451110026,0.6666666666666666,0.3333333333333333,29.984747928563767,8.799814104732983,0.6666666666666666,0.3333333333333333,32.1983199012403,14.69722715983923,0.6666666666666666,0.3333333333333333,36.61141030631002,9.64688051270455,0.7777777777777778,0.2222222222222222,39.11097746271092,5.172290579794328,1.0,0.0,51.39128503030087,0,0.8888888888888888,0.1111111111111111,58.082455900040735,3.7293807086137076,0.8888888888888888,0.1111111111111111,50.59077977115965,4.233912902336042,0.7777777777777778,0.2222222222222222,24.665893035706763,5.4377664844195,0.6666666666666666,0.3333333333333333,24.158653192204376,10.254283236858335,0.6666666666666666,0.3333333333333333,16.95103019947727,23.058696508828273,0.7777777777777778,0.2222222222222222,31.479998497072113,6.993616602821731,0.6666666666666666,0.3333333333333333,22.725288714197706,18.67798731646648,0.6666666666666666,0.3333333333333333,25.599351143118213,16.695625155236495,0.6666666666666666,0.3333333333333333,29.61497831301328,3.8820857483541076,0.8888888888888888,0.1111111111111111,37.674380376747486,0.5786976560587581,0.7777777777777778,0.2222222222222222,35.62607534569903,6.211303622489998,0.8888888888888888,0.1111111111111111,41.55957944284934,3.758054708184871,0.8888888888888888,0.1111111111111111,40.016628013165075,16.73788729301481,1.0,0.0,47.12597766010016,0,0.5555555555555556,0.4444444444444444,28.454752635066423,20.69307564602869,0.7777777777777778,0.2222222222222222,22.554317314817528,8.777804512257916,0.4444444444444444,0.5555555555555556,14.52295310939764,15.821261156190335,0.6666666666666666,0.3333333333333333,21.82797095467347,13.275273272640014,1
0.8888888888888888,0.1111111111111111,34.3024499209689,2.802683681486437,0.8888888888888888,0.1111111111111111,36.358585441231014,2.1899903115377426,0.8888888888888888,0.1111111111111111,34.42254120887537,4.600434764079262,1.0,0.0,29.521942206759263,0,1.0,0.0,32.751372705995934,0,0.8888888888888888,0.1111111111111111,36.33991029499343,0.7676579311051418,0.8888888888888888,0.1111111111111111,26.387193460085804,1.9246515447023091,1.0,0.0,35.745734747648385,0,0.3333333333333333,0.6666666666666666,6.814900757478686,15.252025263913547,0.8888888888888888,0.1111111111111111,26.069298055507772,1.57103510461501,0.6666666666666666,0.3333333333333333,19.037580584481432,9.800747708802328,0.3333333333333333,0.6666666666666666,52.01727031658342,17.64183644130575,0.7777777777777778,0.2222222222222222,94.2524248800108,1.9760921820052855,0.5555555555555556,0.4444444444444444,19.3302402782062,13.470281345511527,0.5555555555555556,0.4444444444444444,14.856127255855455,13.064450509640993,0.5555555555555556,0.4444444444444444,17.22139634765051,12.820810369948028,0.4444444444444444,0.5555555555555556,13.925223441092399,15.09530960522344,0.6666666666666666,0.3333333333333333,27.910381193578278,10.29284432094718,0.6666666666666666,0.3333333333333333,26.46765499269442,7.163173208609412,0.6666666666666666,0.3333333333333333,11.131959248952185,6.910019565783244,0.5555555555555556,0.4444444444444444,13.419175595052565,7.9286616675954935,0.5555555555555556,0.4444444444444444,17.124757273526946,8.579105831817067,0.7777777777777778,0.2222222222222222,30.50029735928525,6.6279457239656905,0.1111111111111111,0.8888888888888888,4.419947473377289,26.81878881012505,1
0.5555555555555556,0.4444444444444444,85.01832733557603,21.220688400731518,0.6666666666666666,0.3333333333333333,57.71589106679056,15.613962569948061,0.7777777777777778,0.2222222222222222,75.62585635575681,10.565665286644872,0.3333333333333333,0.6666666666666666,43.46233151948666,49.160876407441684,0.7777777777777778,0.2222222222222222,73.81624414802658,11.863486114321537,0.6666666666666666,0.3333333333333333,106.17204461510455,21.594137036852185,0.6666666666666666,0.3333333333333333,203.35722034659872,27.660288204629495,0.7777777777777778,0.2222222222222222,73.48990840448886,8.388800994938236,0.7777777777777778,0.2222222222222222,90.20159378383762,10.155267099378284,0.7777777777777778,0.2222222222222222,73.9407739831819,11.366202594048364,0.7777777777777778,0.2222222222222222,70.06845313759217,6.529739779325963,0.6666666666666666,0.3333333333333333,71.91417536148558,49.56620535765479,0.5555555555555556,0.4444444444444444,82.75204213450951,46.12130999765216,0.5555555555555556,0.4444444444444444,35.17651012909756,37.72000881144977,0.7777777777777778,0.2222222222222222,50.48176035750671,28.489153723733118,0.8888888888888888,0.1111111111111111,414.54729287418195,30.087664816884946,0.7777777777777778,0.2222222222222222,61.69106619205329,12.680428246540753,0.5555555555555556,0.4444444444444444,39.12437573436151,26.32630614559203,0.6666666666666666,0.3333333333333333,40.66225658403755,30.26916488482199,0.5555555555555556,0.4444444444444444,42.7538103397774,39.35206145529848,0.7777777777777778,0.2222222222222222,35.46653682509522,24.186308878347155,0.6666666666666666,0.3333333333333333,53.97011013502055,40.72034472390867,0.3333333333333333,0.6666666666666666,33.05611093521745,31.640644566923807,0.7777777777777778,0.2222222222222222,460.2045749279348,31.514610494388133,1
0.4444444444444444,0.5555555555555556,21.318949425942712,29.359304238779043,0.7777777777777778,0.2222222222222222,34.92893229135521,4.289569722774235,1.0,0.0,41.61845604387656,0,0.5555555555555556,0.4444444444444444,13.774858518985623,6.090834891847524,0.8888888888888888,0.1111111111111111,35.394321630446676,0.44809887151896166,1.0,0.0,29.629269559146184,0,0.8888888888888888,0.1111111111111111,22.438756436555494,1.4204664898136694,0.7777777777777778,0.2222222222222222,20.56575842956906,6.330541250919149,0.8888888888888888,0.1111111111111111,24.33214153373253,3.1429451681697316,0.7777777777777778,0.2222222222222222,22.978396443787947,6.798787780609862,0.8888888888888888,0.1111111111111111,32.777897821154376,1.7869286520813568,0.6666666666666666,0.3333333333333333,27.60598598768033,9.229474126761332,0.7777777777777778,0.2222222222222222,25.230455020522488,4.5032668681499946,0.7777777777777778,0.2222222222222222,18.942919299454704,5.397512282908033,0.7777777777777778,0.2222222222222222,16.609774753119833,9.157788699194835,0.8888888888888888,0.1111111111111111,24.56114307701797,0.5737452433769974,0.5555555555555556,0.4444444444444444,19.36429428084889,9.264088727407687,1.0,0.0,27.057681319545804,0,0.8888888888888888,0.1111111111111111,32.16381754621559,4.10082884359534,0.8888888888888888,0.1111111111111111,30.72094067014363,2.435669533241123,0.8888888888888888,0.1111111111111111,31.949551190367558,1.132067881497686,0.5555555555555556,0.4444444444444444,14.944692217815096,14.496541242223298,0.5555555555555556,0.4444444444444444,27.415353193346633,14.909766290938673,0.6666666666666666,0.3333333333333333,27.72918653305143,30.86151494016254,1
0.6666666666666666,0.3333333333333333,33.89409400948497,19.79633449490093,0.6666666666666666,0.3333333333333333,40.50082535490491,11.176675907969162,0.8888888888888888,0.1111111111111111,54.24815968413038,1.8823872220705677,0.7777777777777778,0.2222222222222222,25.58569331782203,20.152257639982697,0.5555555555555556,0.4444444444444444,32.24933157550451,19.42472105039626,0.8888888888888888,0.1111111111111111,31.65044100964926,0.6017257513302424,0.7777777777777778,0.2222222222222222,25.23220678977958,4.471285330092453,0.8888888888888888,0.1111111111111111,41.168898196621655,3.9628401514845195,0.4444444444444444,0.5555555555555556,17.202779795420003,34.33368776535715,0.7777777777777778,0.2222222222222222,32.129825920278634,6.67546497263032,0.3333333333333333,0.6666666666666666,7.767503561176237,25.84043266256515,0.4444444444444444,0.5555555555555556,57.71982577946296,27.071468033330174,0.4444444444444444,0.5555555555555556,27.651467740122357,25.70410636111003,0.5555555555555556,0.4444444444444444,30.21683345724509,21.389789648007728,0.5555555555555556,0.4444444444444444,46.445622950008335,23.022198482096606,0.6666666666666666,0.3333333333333333,53.28088839441237,16.99481452315485,0.5555555555555556,0.4444444444444444,30.335519355618725,91.78965374624984,0.4444444444444444,0.5555555555555556,23.859895365732832,24.655489149872942,0.6666666666666666,0.3333333333333333,35.67512907774167,15.178751680400026,0.7777777777777778,0.2222222222222222,34.26755692586129,4.100948877502164,0.6666666666666666,0.3333333333333333,46.56332702014655,10.825809503859405,0.4444444444444444,0.5555555555555556,39.19215590056077,29.341081745535128,0.5555555555555556,0.4444444444444444,21.951970585420845,22.401328866200284,0.3333333333333333,0.6666666666666666,26.188880156332253,60.710188886797674,1
0.4444444444444444,0.5555555555555556,22.154552606261397,24.485090075607125,0.3333333333333333,0.6666666666666666,12.118075181739874,23.694229452747262,0.5555555555555556,0.4444444444444444,19.829255783135423,9.270318566042558,0.7777777777777778,0.2222222222222222,25.371232553962198,4.785756756690057,0.7777777777777778,0.2222222222222222,21.438330770819178,3.2852886670726082,0.7777777777777778,0.2222222222222222,19.286467796525887,12.28329465421712,0.6666666666666666,0.3333333333333333,19.468123380759383,13.70769802191299,0.6666666666666666,0.3333333333333333,24.071833579502172,12.907836240225034,0.5555555555555556,0.4444444444444444,23.78198797026049,14.944615412658042,0.6666666666666666,0.3333333333333333,38.2952700843366,17.514502806103344,0.4444444444444444,0.5555555555555556,27.991327731578977,21.41252761042494,0.3333333333333333,0.6666666666666666,20.12887847158012,33.91809581158947,0.6666666666666666,0.3333333333333333,35.41914687678498,48.5770700840918,0.5555555555555556,0.4444444444444444,34.785913876658284,29.495637493884708,0.8888888888888888,0.1111111111111111,61.343409473839586,2.0972704760883363,0.8888888888888888,0.1111111111111111,39.65798688163171,4.592019892513072,0.6666666666666666,0.3333333333333333,38.247129689250414,10.390233976345389,0.6666666666666666,0.3333333333333333,50.726612198106864,15.562175849664888,0.6666666666666666,0.3333333333333333,53.49614930498265,20.26750313177744,0.5555555555555556,0.4444444444444444,42.2719867692641,29.797869441531358,0.8888888888888888,0.1111111111111111,56.58649329315255,2.6223000258424185,1.0,0.0,66.51375622438913,0,0.7777777777777778,0.2222222222222222,50.742534356797805,28.6241593434969,0.8888888888888888,0.1111111111111111,56.13497981451677,5.349511262960408,1
0.2222222222222222,0.7777777777777778,3.225238405180713,27.422992060351152,0.8888888888888888,0.1111111111111111,28.181100910011384,4.221962622284274,0.7777777777777778,0.2222222222222222,35.58653172522442,5.425543794555621,1.0,0.0,39.888617515717065,0,0.8888888888888888,0.1111111111111111,53.859027448628694,4.380161947669244,0.7777777777777778,0.2222222222222222,41.72617698207088,4.102566619413445,0.8888888888888888,0.1111111111111111,35.13816222207938,13.340055224725218,0.7777777777777778,0.2222222222222222,35.03164602660881,11.146224467041389,0.7777777777777778,0.2222222222222222,36.74730435876137,2.5009099555274306,0.4444444444444444,0.5555555555555556,19.37774418771378,24.659534236691087,0.2222222222222222,0.7777777777777778,9.373786249457325,37.40774946293949,0.2222222222222222,0.7777777777777778,10.944672693946195,43.22131978132675,0.8888888888888888,0.1111111111111111,38.588050983094845,0.3486967314438473,0.6666666666666666,0.3333333333333333,21.533160778652093,20.209830529693082,0.7777777777777778,0.2222222222222222,26.002722487916568,5.4558470078357795,0.8888888888888888,0.1111111111111111,34.39229911629606,5.701949211345335,0.8888888888888888,0.1111111111111111,41.89501854912557,5.042387952385345,0.8888888888888888,0.1111111111111111,40.22853986004663,4.844906565835492,0.7777777777777778,0.2222222222222222,50.6994743757495,5.861150275834442,0.7777777777777778,0.2222222222222222,49.1629980011338,2.2651164500201064,0.4444444444444444,0.5555555555555556,28.86466936368627,23.13656221400442,0.7777777777777778,0.2222222222222222,40.642262482417316,10.55921379896493,0.8888888888888888,0.1111111111111111,126.78742342581327,3.585963075148206,0.7777777777777778,0.2222222222222222,125.061503341075,12.994554105402457,1
1.0,0.0,66.39136274875129,0,0.4444444444444444,0.5555555555555556,33.9289274403273,22.07721323851787,0.6666666666666666,0.3333333333333333,44.868784341674264,13.967197678044212,0.8888888888888888,0.1111111111111111,48.66150703464674,1.2815072504216078,0.6666666666666666,0.3333333333333333,34.857701688179276,17.20208960151846,0.6666666666666666,0.3333333333333333,58.94578423770837,30.158009930931783,0.6666666666666666,0.3333333333333333,34.935466742649474,46.04687605286824,0.7777777777777778,0.2222222222222222,51.19036897260489,6.064184338726328,0.8888888888888888,0.1111111111111111,40.63619249107248,3.771359947753547,0.6666666666666666,0.3333333333333333,35.94145942728653,12.368620077695109,0.6666666666666666,0.3333333333333333,44.83531347036913,12.138286932299408,0.8888888888888888,0.1111111111111111,53.91815802027211,6.286564049748088,0.3333333333333333,0.6666666666666666,25.561912525867164,37.62192315946779,0.8888888888888888,0.1111111111111111,50.72061053143076,9.314812979988405,0.8888888888888888,0.1111111111111111,48.694478752755906,4.9689636431364335,0.6666666666666666,0.3333333333333333,34.20995531245055,18.854543785659832,0.7777777777777778,0.2222222222222222,81.53002192925284,12.284376247086211,0.7777777777777778,0.2222222222222222,55.23120391763396,15.19360000382689,0.8888888888888888,0.1111111111111111,57.78861618841686,8.26152269804751,0.7777777777777778,0.2222222222222222,67.05447240078155,6.41173465346967,0.8888888888888888,0.1111111111111111,59.19926240756691,1.038702461386148,0.7777777777777778,0.2222222222222222,40.021368754760125,10.478815110576523,0.4444444444444444,0.5555555555555556,33.36454131591223,21.31609934616833,0.2222222222222222,0.7777777777777778,16.330209332037523,38.67049026403536,1
0.7777777777777778,0.2222222222222222,39.58661326272689,13.6292523569984,0.7777777777777778,0.2222222222222222,33.44922850338892,5.131166539595591,0.6666666666666666,0.3333333333333333,30.413959604181578,11.751914090933873,0.8888888888888888,0.1111111111111111,22.861347681896948,3.8418861824259425,0.5555555555555556,0.4444444444444444,14.57041803230409,14.183493520654753,0.8888888888888888,0.1111111111111111,23.157875206971692,4.6494184866892905,0.6666666666666666,0.3333333333333333,18.070822742093696,10.2174320047312,0.6666666666666666,0.3333333333333333,16.672299724557973,14.785971066262636,0.5555555555555556,0.4444444444444444,11.18265314272679,22.95704314568296,0.6666666666666666,0.3333333333333333,13.402712497028729,8.109453218650557,0.4444444444444444,0.5555555555555556,7.900843065294511,14.171375620529831,0.2222222222222222,0.7777777777777778,12.193448134347936,25.4731669816706,0.2222222222222222,0.7777777777777778,16.199897466666307,37.45191898676393,0.4444444444444444,0.5555555555555556,26.16018742492231,28.176938099775867,0.4444444444444444,0.5555555555555556,39.54645122727048,25.195094908444243,0.7777777777777778,0.2222222222222222,39.333728453321136,12.132673379742346,1.0,0.0,63.88728196001445,0,1.0,0.0,45.70236119908841,0,1.0,0.0,40.54021181830189,0,1.0,0.0,44.46300818266987,0,0.8888888888888888,0.1111111111111111,36.328541114326406,8.964259795321254,0.7777777777777778,0.2222222222222222,51.26157012788828,8.922527153788565,1.0,0.0,45.47631098860868,0,0.7777777777777778,0.2222222222222222,39.496553943575506,3.0860657481396805,1
0.6666666666666666,0.3333333333333333,18.13926469575461,8.133788824697966,0.7777777777777778,0.2222222222222222,16.11455280248302,7.7147268374563875,1.0,0.0,25.0247494380531,0,1.0,0.0,24.070728677706537,0,0.6666666666666666,0.3333333333333333,13.663487539681912,11.380388711167985,0.8888888888888888,0.1111111111111111,20.4291634021463,1.7547593491470022,0.8888888888888888,0.1111111111111111,27.5781875352329,2.582542542096932,0.6666666666666666,0.3333333333333333,26.366210628717816,5.5959294406804325,0.7777777777777778,0.2222222222222222,45.22243419701902,3.3210088913554663,0.5555555555555556,0.4444444444444444,21.258310909066246,9.948639253213024,0.7777777777777778,0.2222222222222222,29.21003886654476,6.922140833546045,0.5555555555555556,0.4444444444444444,10.801291656103025,10.849215121550113,0.5555555555555556,0.4444444444444444,22.889935426546288,10.080842135457166,0.8888888888888888,0.1111111111111111,23.3206205645046,1.714867214617823,0.4444444444444444,0.5555555555555556,28.43462217420709,41.04915521683422,0.6666666666666666,0.3333333333333333,21.788087687099658,9.009231370650424,0.7777777777777778,0.2222222222222222,28.788635974423144,3.346435324140023,0.8888888888888888,0.1111111111111111,30.401628605370902,1.5603808091887466,0.8888888888888888,0.1111111111111111,35.22356590901852,1.9764923144564102,0.8888888888888888,0.1111111111111111,28.152111773487242,4.073171997454322,0.7777777777777778,0.2222222222222222,22.719278163164052,7.629878999909206,0.5555555555555556,0.4444444444444444,14.156926566483262,12.182422068940276,0.7777777777777778,0.2222222222222222,17.381202106218495,6.895895097807516,0.7777777777777778,0.2222222222222222,13.679833648474393,6.14453349829056,1
0.4444444444444444,0.5555555555555556,30.330686654926186,9.78439823840024,1.0,0.0,31.32052371495611,0,0.8888888888888888,0.1111111111111111,35.73242090887538,1.2337043892083506,1.0,0.0,39.610985129795615,0,1.0,0.0,43.76113762004339,0,0.7777777777777778,0.2222222222222222,38.218251630805895,6.031697904767755,0.7777777777777778,0.2222222222222222,33.490916228345434,5.707638101174985,0.5555555555555556,0.4444444444444444,10.627358441886445,11.456745060562403,0.8888888888888888,0.1111111111111111,29.116265760251636,2.061311799190632,0.8888888888888888,0.1111111111111111,41.23575656224314,3.755787055348973,0.7777777777777778,0.2222222222222222,38.67030642910178,7.05884240058764,0.5555555555555556,0.4444444444444444,30.776815324666536,13.231905708991711,0.6666666666666666,0.3333333333333333,11.099886827830328,11.258947268359563,0.5555555555555556,0.4444444444444444,9.349931928231177,11.717083937391177,0.6666666666666666,0.3333333333333333,16.746135276220137,9.11779559451036,0.7777777777777778,0.2222222222222222,21.374425324873684,7.86033868815481,0.7777777777777778,0.2222222222222222,30.47966089104817,5.750755659828329,0.4444444444444444,0.5555555555555556,9.055695876402506,13.932478015098907,0.6666666666666666,0.3333333333333333,15.250121311886724,5.323946071569277,0.6666666666666666,0.3333333333333333,19.834117882980816,5.1392152315622806,0.7777777777777778,0.2222222222222222,20.617308850971888,5.782154076985643,0.7777777777777778,0.2222222222222222,23.508160177152355,10.018908341791935,0.6666666666666666,0.3333333333333333,24.475341165153978,16.690912698290898,0.6666666666666666,0.3333333333333333,23.659132622509777,16.361245898988944,1
0.2222222222222222,0.7777777777777778,6.194611567618823,18.88756672459416,0.6666666666666666,0.3333333333333333,16.885122763530966,7.708806134082893,0.7777777777777778,0.2222222222222222,19.760757437909664,6.574789192870183,1.0,0.0,26.729748565299523,0,0.8888888888888888,0.1111111111111111,36.50994145235844,0.4571092655192123,0.7777777777777778,0.2222222222222222,27.52897962701744,6.947336873633157,0.8888888888888888,0.1111111111111111,26.749696428868994,2.8113438201529037,0.8888888888888888,0.1111111111111111,21.62004040260328,1.812612427075449,0.7777777777777778,0.2222222222222222,29.60995470227284,6.329242806443984,0.7777777777777778,0.2222222222222222,22.991267074843154,3.8959176739564674,0.6666666666666666,0.3333333333333333,14.626465700982017,3.797549605247244,0.3333333333333333,0.6666666666666666,8.673292975551787,15.577265098423027,0.8888888888888888,0.1111111111111111,28.72119316982249,3.485408253789482,0.6666666666666666,0.3333333333333333,32.194385238807975,11.878644859680946,0.8888888888888888,0.1111111111111111,30.1174998620602,1.1790070755561723,0.8888888888888888,0.1111111111111111,30.258727608075574,1.9338448686190046,0.6666666666666666,0.3333333333333333,37.218417157118914,16.205953931624222,0.7777777777777778,0.2222222222222222,48.74175926717509,10.454171461494358,0.7777777777777778,0.2222222222222222,45.04479522914957,13.562135005387786,0.8888888888888888,0.1111111111111111,46.246094118451666,5.864177714248148,0.4444444444444444,0.5555555555555556,32.284816457363554,43.97158767254681,0.7777777777777778,0.2222222222222222,46.451925242722986,5.876037261405454,0.6666666666666666,0.3333333333333333,39.99577337794363,14.281863601753138,0.7777777777777778,0.2222222222222222,25.25854162258387,5.391210710687446,1